{"cameraMode":{"drawMode":0,"name":"Shaded","section":"Shading Mode"},"sceneLighting":false,"audioPlay":false,"sceneViewState":{"m_AlwaysRefresh":false,"showFog":true,"showSkybox":false,"showFlares":true,"showImageEffects":true,"showParticleSystems":true,"showVisualEffectGraphs":true,"m_FxEnabled":true},"in2DMode":false,"pivot":{"x":23.998886108398439,"y":0.3821554481983185,"z":-0.00035393238067626953},"rotation":{"x":-0.6885812878608704,"y":0.17855240404605866,"z":-0.18103879690170289,"w":-0.6791245937347412},"size":0.8660253882408142,"orthographic":false}